0,0,Thu Nov  2 13:01:15 2023,1382,1382
0,1,Thu Nov  2 13:01:15 2023,1630,1630
0,1,Thu Nov  2 13:01:15 2023,243,243
0,0,Thu Nov  2 13:01:15 2023,1382,1382
0,1,Thu Nov  2 13:01:15 2023,1633,1633
0,1,Thu Nov  2 13:01:15 2023,246,246
0,0,Thu Nov  2 13:01:15 2023,1382,1382
0,2,Thu Nov  2 13:01:15 2023,1627,1627
0,1,Thu Nov  2 13:01:15 2023,242,242
0,0,Thu Nov  2 13:01:15 2023,1380,1380
0,0,Thu Nov  2 13:01:15 2023,1382,1382
0,2,Thu Nov  2 13:01:15 2023,1628,1628
0,1,Thu Nov  2 13:01:15 2023,245,245
0,0,Thu Nov  2 13:01:15 2023,1382,1382
0,1,Thu Nov  2 13:01:15 2023,1117,1117
0,0,Thu Nov  2 13:01:16 2023,1381,1381
0,1,Thu Nov  2 13:01:16 2023,1118,1118
0,0,Thu Nov  2 13:01:16 2023,1381,1381
0,2,Thu Nov  2 13:01:16 2023,1628,1628
0,2,Thu Nov  2 13:01:16 2023,246,246
0,1,Thu Nov  2 13:01:16 2023,1118,1118
0,0,Thu Nov  2 13:01:16 2023,1383,1383
0,2,Thu Nov  2 13:01:16 2023,248,248
0,1,Thu Nov  2 13:01:16 2023,1118,1118
0,0,Thu Nov  2 13:01:16 2023,1380,1380
0,1,Thu Nov  2 13:01:16 2023,1118,1118
0,0,Thu Nov  2 13:01:16 2023,1383,1383
0,2,Thu Nov  2 13:01:16 2023,254,254
0,1,Thu Nov  2 13:01:16 2023,1118,1118
0,2,Thu Nov  2 13:01:16 2023,262,262
0,1,Thu Nov  2 13:01:16 2023,1118,1118
0,0,Thu Nov  2 13:01:16 2023,1380,1380
0,1,Thu Nov  2 13:01:16 2023,1118,1118
0,0,Thu Nov  2 13:01:16 2023,1380,1380
0,2,Thu Nov  2 13:01:16 2023,264,264
0,1,Thu Nov  2 13:01:16 2023,1118,1118
0,0,Thu Nov  2 13:01:16 2023,1378,1378
0,2,Thu Nov  2 13:01:16 2023,266,266
0,1,Thu Nov  2 13:01:16 2023,1118,1118
0,0,Thu Nov  2 13:01:16 2023,1376,1376
0,2,Thu Nov  2 13:01:16 2023,266,266
0,1,Thu Nov  2 13:01:16 2023,1119,1119
0,0,Thu Nov  2 13:01:16 2023,1376,1376
0,2,Thu Nov  2 13:01:16 2023,266,266
0,1,Thu Nov  2 13:01:16 2023,1118,1118
0,0,Thu Nov  2 13:01:17 2023,1376,1376
0,1,Thu Nov  2 13:01:17 2023,1119,1119
0,0,Thu Nov  2 13:01:17 2023,1376,1376
0,1,Thu Nov  2 13:01:17 2023,1120,1120
0,0,Thu Nov  2 13:01:17 2023,1374,1374
0,1,Thu Nov  2 13:01:17 2023,1122,1122
0,0,Thu Nov  2 13:01:17 2023,1376,1376
0,1,Thu Nov  2 13:01:17 2023,1124,1124
0,0,Thu Nov  2 13:01:17 2023,1374,1374
0,2,Thu Nov  2 13:01:17 2023,267,267
0,1,Thu Nov  2 13:01:17 2023,1124,1124
0,0,Thu Nov  2 13:01:17 2023,1372,1372
0,2,Thu Nov  2 13:01:17 2023,268,268
0,1,Thu Nov  2 13:01:17 2023,1124,1124
0,0,Thu Nov  2 13:01:17 2023,1372,1372
0,2,Thu Nov  2 13:01:17 2023,268,268
0,1,Thu Nov  2 13:01:17 2023,1126,1126
0,2,Thu Nov  2 13:01:17 2023,268,268
0,2,Thu Nov  2 13:01:17 2023,268,268
0,1,Thu Nov  2 13:01:17 2023,1126,1126
0,2,Thu Nov  2 13:01:17 2023,269,269
0,1,Thu Nov  2 13:01:17 2023,1126,1126
0,0,Thu Nov  2 13:01:17 2023,1369,1369
0,2,Thu Nov  2 13:01:17 2023,269,269
0,1,Thu Nov  2 13:01:17 2023,1127,1127
0,0,Thu Nov  2 13:01:17 2023,1369,1369
0,2,Thu Nov  2 13:01:17 2023,270,270
0,1,Thu Nov  2 13:01:18 2023,1127,1127
0,0,Thu Nov  2 13:01:18 2023,1372,1372
0,2,Thu Nov  2 13:01:18 2023,272,272
0,1,Thu Nov  2 13:01:18 2023,1128,1128
0,0,Thu Nov  2 13:01:18 2023,1372,1372
0,2,Thu Nov  2 13:01:18 2023,272,272
0,1,Thu Nov  2 13:01:18 2023,1129,1129
0,0,Thu Nov  2 13:01:18 2023,1372,1372
0,1,Thu Nov  2 13:01:18 2023,1130,1130
0,0,Thu Nov  2 13:01:18 2023,1364,1364
0,1,Thu Nov  2 13:01:18 2023,1129,1129
0,0,Thu Nov  2 13:01:18 2023,1376,1376
0,1,Thu Nov  2 13:01:18 2023,1130,1130
0,0,Thu Nov  2 13:01:18 2023,1377,1377
0,1,Thu Nov  2 13:01:18 2023,1130,1130
0,1,Thu Nov  2 13:01:18 2023,1130,1130
0,1,Thu Nov  2 13:01:18 2023,1132,1132
0,1,Thu Nov  2 13:01:18 2023,1132,1132
0,1,Thu Nov  2 13:01:18 2023,1133,1133
0,1,Thu Nov  2 13:01:18 2023,1137,1137
0,1,Thu Nov  2 13:01:18 2023,1136,1136
0,1,Thu Nov  2 13:01:18 2023,1136,1136
0,1,Thu Nov  2 13:01:19 2023,1137,1137
0,2,Thu Nov  2 13:01:19 2023,286,286
0,1,Thu Nov  2 13:01:19 2023,1136,1136
0,2,Thu Nov  2 13:01:19 2023,288,288
0,1,Thu Nov  2 13:01:19 2023,1136,1136
0,2,Thu Nov  2 13:01:19 2023,288,288
0,1,Thu Nov  2 13:01:19 2023,1137,1137
0,2,Thu Nov  2 13:01:19 2023,288,288
0,1,Thu Nov  2 13:01:19 2023,1138,1138
0,2,Thu Nov  2 13:01:19 2023,289,289
0,1,Thu Nov  2 13:01:19 2023,1139,1139
0,2,Thu Nov  2 13:01:19 2023,290,290
0,1,Thu Nov  2 13:01:19 2023,1139,1139
0,2,Thu Nov  2 13:01:19 2023,291,291
0,1,Thu Nov  2 13:01:19 2023,1139,1139
0,2,Thu Nov  2 13:01:19 2023,290,290
0,1,Thu Nov  2 13:01:19 2023,1138,1138
0,2,Thu Nov  2 13:01:19 2023,290,290
0,1,Thu Nov  2 13:01:19 2023,1139,1139
0,2,Thu Nov  2 13:01:19 2023,290,290
0,1,Thu Nov  2 13:01:19 2023,1140,1140
0,2,Thu Nov  2 13:01:19 2023,292,292
0,1,Thu Nov  2 13:01:19 2023,1142,1142
0,2,Thu Nov  2 13:01:19 2023,294,294
0,1,Thu Nov  2 13:01:20 2023,1146,1146
0,1,Thu Nov  2 13:01:20 2023,1148,1148
0,1,Thu Nov  2 13:01:20 2023,1149,1149
0,1,Thu Nov  2 13:01:20 2023,1150,1150
0,1,Thu Nov  2 13:01:20 2023,1150,1150
0,2,Thu Nov  2 13:01:20 2023,303,303
0,1,Thu Nov  2 13:01:20 2023,1153,1153
0,1,Thu Nov  2 13:01:21 2023,1154,1154
0,1,Thu Nov  2 13:01:21 2023,1154,1154
0,1,Thu Nov  2 13:01:21 2023,1156,1156
0,1,Thu Nov  2 13:01:21 2023,1156,1156
0,1,Thu Nov  2 13:01:21 2023,1156,1156
0,2,Thu Nov  2 13:01:21 2023,310,310
0,1,Thu Nov  2 13:01:21 2023,1155,1155
0,2,Thu Nov  2 13:01:21 2023,314,314
0,1,Thu Nov  2 13:01:21 2023,1156,1156
0,2,Thu Nov  2 13:01:21 2023,315,315
0,1,Thu Nov  2 13:01:21 2023,1247,1247
0,2,Thu Nov  2 13:01:21 2023,1158,1158
0,1,Thu Nov  2 13:01:21 2023,312,312
0,1,Thu Nov  2 13:01:21 2023,1247,1247
0,2,Thu Nov  2 13:01:21 2023,1158,1158
0,2,Thu Nov  2 13:01:21 2023,314,314
0,1,Thu Nov  2 13:01:21 2023,1250,1250
0,3,Thu Nov  2 13:01:21 2023,1158,1158
0,2,Thu Nov  2 13:01:21 2023,316,316
0,3,Thu Nov  2 13:01:21 2023,1159,1159
0,2,Thu Nov  2 13:01:21 2023,316,316
0,1,Thu Nov  2 13:01:21 2023,1248,1248
0,3,Thu Nov  2 13:01:21 2023,1159,1159
0,3,Thu Nov  2 13:01:21 2023,1159,1159
0,2,Thu Nov  2 13:01:21 2023,320,320
0,3,Thu Nov  2 13:01:21 2023,1159,1159
0,2,Thu Nov  2 13:01:22 2023,1616,1616
0,2,Thu Nov  2 13:01:22 2023,320,320
0,3,Thu Nov  2 13:01:22 2023,1161,1161
0,2,Thu Nov  2 13:01:22 2023,1616,1616
0,1,Thu Nov  2 13:01:22 2023,1256,1256
0,2,Thu Nov  2 13:01:22 2023,320,320
0,3,Thu Nov  2 13:01:22 2023,1162,1162
0,1,Thu Nov  2 13:01:22 2023,1256,1256
0,2,Thu Nov  2 13:01:22 2023,320,320
0,4,Thu Nov  2 13:01:22 2023,1614,1614
0,2,Thu Nov  2 13:01:22 2023,319,319
0,1,Thu Nov  2 13:01:22 2023,1256,1256
0,3,Thu Nov  2 13:01:22 2023,1166,1166
0,1,Thu Nov  2 13:01:22 2023,1257,1257
0,2,Thu Nov  2 13:01:22 2023,320,320
0,3,Thu Nov  2 13:01:22 2023,1166,1166
0,1,Thu Nov  2 13:01:22 2023,1257,1257
0,2,Thu Nov  2 13:01:22 2023,320,320
0,3,Thu Nov  2 13:01:22 2023,1166,1166
0,1,Thu Nov  2 13:01:22 2023,1258,1258
0,2,Thu Nov  2 13:01:22 2023,320,320
0,3,Thu Nov  2 13:01:22 2023,1168,1168
0,1,Thu Nov  2 13:01:22 2023,1257,1257
0,2,Thu Nov  2 13:01:22 2023,319,319
0,3,Thu Nov  2 13:01:22 2023,1166,1166
0,2,Thu Nov  2 13:01:22 2023,320,320
0,3,Thu Nov  2 13:01:22 2023,1168,1168
0,2,Thu Nov  2 13:01:22 2023,320,320
0,3,Thu Nov  2 13:01:22 2023,1168,1168
0,2,Thu Nov  2 13:01:22 2023,320,320
0,3,Thu Nov  2 13:01:22 2023,1170,1170
0,2,Thu Nov  2 13:01:23 2023,324,324
0,2,Thu Nov  2 13:01:23 2023,326,326
0,3,Thu Nov  2 13:01:23 2023,1170,1170
0,2,Thu Nov  2 13:01:23 2023,322,322
0,3,Thu Nov  2 13:01:23 2023,1170,1170
0,2,Thu Nov  2 13:01:23 2023,322,322
0,3,Thu Nov  2 13:01:23 2023,1170,1170
0,2,Thu Nov  2 13:01:23 2023,326,326
0,3,Thu Nov  2 13:01:23 2023,1170,1170
0,1,Thu Nov  2 13:01:23 2023,1256,1256
0,2,Thu Nov  2 13:01:23 2023,326,326
0,3,Thu Nov  2 13:01:23 2023,1171,1171
0,3,Thu Nov  2 13:01:23 2023,1170,1170
0,1,Thu Nov  2 13:01:23 2023,1251,1251
0,3,Thu Nov  2 13:01:23 2023,1170,1170
0,1,Thu Nov  2 13:01:23 2023,1254,1254
0,2,Thu Nov  2 13:01:23 2023,330,330
0,3,Thu Nov  2 13:01:23 2023,1171,1171
0,1,Thu Nov  2 13:01:23 2023,1254,1254
0,3,Thu Nov  2 13:01:23 2023,1174,1174
0,1,Thu Nov  2 13:01:23 2023,1254,1254
0,3,Thu Nov  2 13:01:23 2023,1172,1172
0,1,Thu Nov  2 13:01:23 2023,1258,1258
0,1,Thu Nov  2 13:01:23 2023,1250,1250
0,3,Thu Nov  2 13:01:23 2023,1174,1174
0,4,Thu Nov  2 13:01:23 2023,1614,1614
0,1,Thu Nov  2 13:01:23 2023,1253,1253
0,2,Thu Nov  2 13:01:23 2023,1153,1153
0,3,Thu Nov  2 13:01:23 2023,1175,1175
0,4,Thu Nov  2 13:01:24 2023,1614,1614
0,1,Thu Nov  2 13:01:24 2023,1252,1252
0,2,Thu Nov  2 13:01:24 2023,1616,1616
0,4,Thu Nov  2 13:01:24 2023,1613,1613
0,1,Thu Nov  2 13:01:24 2023,1252,1252
0,2,Thu Nov  2 13:01:24 2023,1154,1154
0,4,Thu Nov  2 13:01:24 2023,1616,1616
0,1,Thu Nov  2 13:01:24 2023,1252,1252
0,2,Thu Nov  2 13:01:24 2023,1154,1154
0,4,Thu Nov  2 13:01:24 2023,1616,1616
0,4,Thu Nov  2 13:01:24 2023,1613,1613
0,1,Thu Nov  2 13:01:24 2023,1252,1252
0,4,Thu Nov  2 13:01:24 2023,1613,1613
0,4,Thu Nov  2 13:01:24 2023,1612,1612
0,1,Thu Nov  2 13:01:24 2023,1252,1252
0,5,Thu Nov  2 13:01:24 2023,337,337
0,4,Thu Nov  2 13:01:24 2023,1614,1614
0,4,Thu Nov  2 13:01:24 2023,1616,1616
0,5,Thu Nov  2 13:01:24 2023,337,337
0,4,Thu Nov  2 13:01:24 2023,1610,1610
0,4,Thu Nov  2 13:01:24 2023,1631,1631
0,5,Thu Nov  2 13:01:24 2023,340,340
0,5,Thu Nov  2 13:01:24 2023,338,338
0,5,Thu Nov  2 13:01:24 2023,338,338
0,4,Thu Nov  2 13:01:24 2023,1628,1628
0,5,Thu Nov  2 13:01:24 2023,340,340
0,4,Thu Nov  2 13:01:25 2023,1632,1632
0,5,Thu Nov  2 13:01:25 2023,339,339
0,4,Thu Nov  2 13:01:25 2023,1612,1612
0,4,Thu Nov  2 13:01:25 2023,1632,1632
0,5,Thu Nov  2 13:01:25 2023,340,340
0,4,Thu Nov  2 13:01:25 2023,1630,1630
0,4,Thu Nov  2 13:01:25 2023,1610,1610
0,1,Thu Nov  2 13:01:25 2023,1252,1252
0,5,Thu Nov  2 13:01:25 2023,344,344
0,4,Thu Nov  2 13:01:25 2023,1616,1616
0,1,Thu Nov  2 13:01:25 2023,1252,1252
0,5,Thu Nov  2 13:01:25 2023,340,340
0,4,Thu Nov  2 13:01:25 2023,1608,1608
0,4,Thu Nov  2 13:01:25 2023,1629,1629
0,1,Thu Nov  2 13:01:25 2023,1252,1252
0,5,Thu Nov  2 13:01:25 2023,342,342
0,4,Thu Nov  2 13:01:25 2023,1630,1630
0,4,Thu Nov  2 13:01:25 2023,1610,1610
0,1,Thu Nov  2 13:01:25 2023,1254,1254
0,5,Thu Nov  2 13:01:25 2023,341,341
0,4,Thu Nov  2 13:01:25 2023,1616,1616
0,1,Thu Nov  2 13:01:25 2023,1254,1254
0,5,Thu Nov  2 13:01:25 2023,342,342
0,4,Thu Nov  2 13:01:25 2023,1629,1629
0,4,Thu Nov  2 13:01:25 2023,1608,1608
0,1,Thu Nov  2 13:01:25 2023,1254,1254
0,4,Thu Nov  2 13:01:25 2023,1628,1628
0,4,Thu Nov  2 13:01:25 2023,1607,1607
0,1,Thu Nov  2 13:01:25 2023,1254,1254
0,4,Thu Nov  2 13:01:25 2023,1628,1628
0,4,Thu Nov  2 13:01:25 2023,1607,1607
0,1,Thu Nov  2 13:01:25 2023,1254,1254
0,4,Thu Nov  2 13:01:25 2023,1626,1626
0,4,Thu Nov  2 13:01:25 2023,1606,1606
0,5,Thu Nov  2 13:01:25 2023,347,347
0,4,Thu Nov  2 13:01:26 2023,1606,1606
0,5,Thu Nov  2 13:01:26 2023,346,346
0,4,Thu Nov  2 13:01:26 2023,1604,1604
0,5,Thu Nov  2 13:01:26 2023,345,345
0,6,Thu Nov  2 13:01:26 2023,1628,1628
0,4,Thu Nov  2 13:01:26 2023,1605,1605
0,5,Thu Nov  2 13:01:26 2023,346,346
0,4,Thu Nov  2 13:01:26 2023,1604,1604
0,1,Thu Nov  2 13:01:26 2023,1255,1255
0,5,Thu Nov  2 13:01:26 2023,346,346
0,4,Thu Nov  2 13:01:26 2023,1608,1608
0,1,Thu Nov  2 13:01:26 2023,1256,1256
0,5,Thu Nov  2 13:01:26 2023,346,346
0,4,Thu Nov  2 13:01:26 2023,1605,1605
0,1,Thu Nov  2 13:01:26 2023,1258,1258
0,5,Thu Nov  2 13:01:26 2023,347,347
0,4,Thu Nov  2 13:01:26 2023,1604,1604
0,1,Thu Nov  2 13:01:26 2023,1258,1258
0,5,Thu Nov  2 13:01:26 2023,350,350
0,4,Thu Nov  2 13:01:26 2023,1604,1604
0,5,Thu Nov  2 13:01:26 2023,350,350
0,1,Thu Nov  2 13:01:26 2023,1259,1259
0,4,Thu Nov  2 13:01:26 2023,1603,1603
0,1,Thu Nov  2 13:01:26 2023,1259,1259
0,5,Thu Nov  2 13:01:26 2023,346,346
0,5,Thu Nov  2 13:01:26 2023,347,347
0,2,Thu Nov  2 13:01:26 2023,1167,1167
0,4,Thu Nov  2 13:01:26 2023,1600,1600
0,1,Thu Nov  2 13:01:26 2023,1259,1259
0,5,Thu Nov  2 13:01:26 2023,348,348
0,4,Thu Nov  2 13:01:26 2023,1600,1600
0,1,Thu Nov  2 13:01:26 2023,1258,1258
0,2,Thu Nov  2 13:01:26 2023,1168,1168
0,4,Thu Nov  2 13:01:27 2023,1607,1607
0,5,Thu Nov  2 13:01:27 2023,350,350
0,1,Thu Nov  2 13:01:27 2023,1258,1258
0,2,Thu Nov  2 13:01:27 2023,1168,1168
0,3,Thu Nov  2 13:01:27 2023,1184,1184
0,4,Thu Nov  2 13:01:27 2023,1596,1596
0,1,Thu Nov  2 13:01:27 2023,1258,1258
0,2,Thu Nov  2 13:01:27 2023,1168,1168
0,6,Thu Nov  2 13:01:27 2023,1624,1624
0,4,Thu Nov  2 13:01:27 2023,1595,1595
0,1,Thu Nov  2 13:01:27 2023,1260,1260
0,2,Thu Nov  2 13:01:27 2023,1168,1168
0,4,Thu Nov  2 13:01:27 2023,1594,1594
0,1,Thu Nov  2 13:01:27 2023,1263,1263
0,1,Thu Nov  2 13:01:27 2023,1258,1258
0,3,Thu Nov  2 13:01:27 2023,1184,1184
0,6,Thu Nov  2 13:01:27 2023,1622,1622
0,4,Thu Nov  2 13:01:27 2023,1594,1594
0,1,Thu Nov  2 13:01:27 2023,1262,1262
0,3,Thu Nov  2 13:01:27 2023,1186,1186
0,4,Thu Nov  2 13:01:27 2023,1592,1592
0,1,Thu Nov  2 13:01:27 2023,1264,1264
0,3,Thu Nov  2 13:01:27 2023,1186,1186
0,4,Thu Nov  2 13:01:27 2023,1594,1594
0,1,Thu Nov  2 13:01:27 2023,1263,1263
0,4,Thu Nov  2 13:01:27 2023,1594,1594
0,1,Thu Nov  2 13:01:27 2023,1262,1262
0,3,Thu Nov  2 13:01:27 2023,1188,1188
0,4,Thu Nov  2 13:01:27 2023,1592,1592
0,1,Thu Nov  2 13:01:27 2023,1264,1264
0,3,Thu Nov  2 13:01:27 2023,1188,1188
0,4,Thu Nov  2 13:01:27 2023,1593,1593
0,6,Thu Nov  2 13:01:27 2023,1616,1616
0,1,Thu Nov  2 13:01:27 2023,1264,1264
0,3,Thu Nov  2 13:01:27 2023,1188,1188
0,4,Thu Nov  2 13:01:28 2023,1592,1592
0,6,Thu Nov  2 13:01:28 2023,1616,1616
0,1,Thu Nov  2 13:01:28 2023,1264,1264
0,3,Thu Nov  2 13:01:28 2023,1190,1190
0,6,Thu Nov  2 13:01:28 2023,1616,1616
0,4,Thu Nov  2 13:01:28 2023,1590,1590
0,1,Thu Nov  2 13:01:28 2023,1264,1264
0,3,Thu Nov  2 13:01:28 2023,1191,1191
0,4,Thu Nov  2 13:01:28 2023,1592,1592
0,6,Thu Nov  2 13:01:28 2023,1615,1615
0,1,Thu Nov  2 13:01:28 2023,1265,1265
0,3,Thu Nov  2 13:01:28 2023,1191,1191
0,4,Thu Nov  2 13:01:28 2023,1591,1591
0,6,Thu Nov  2 13:01:28 2023,1614,1614
0,1,Thu Nov  2 13:01:28 2023,1268,1268
0,2,Thu Nov  2 13:01:28 2023,1173,1173
0,3,Thu Nov  2 13:01:28 2023,1191,1191
0,4,Thu Nov  2 13:01:28 2023,1590,1590
0,6,Thu Nov  2 13:01:28 2023,1613,1613
0,1,Thu Nov  2 13:01:28 2023,1267,1267
0,2,Thu Nov  2 13:01:28 2023,1173,1173
0,3,Thu Nov  2 13:01:28 2023,1191,1191
0,4,Thu Nov  2 13:01:28 2023,1590,1590
0,6,Thu Nov  2 13:01:28 2023,1612,1612
0,1,Thu Nov  2 13:01:28 2023,1268,1268
0,3,Thu Nov  2 13:01:28 2023,1191,1191
0,4,Thu Nov  2 13:01:28 2023,1589,1589
0,6,Thu Nov  2 13:01:28 2023,1612,1612
0,1,Thu Nov  2 13:01:28 2023,1268,1268
0,2,Thu Nov  2 13:01:28 2023,1174,1174
0,3,Thu Nov  2 13:01:28 2023,1190,1190
0,6,Thu Nov  2 13:01:28 2023,1611,1611
0,1,Thu Nov  2 13:01:28 2023,1271,1271
0,3,Thu Nov  2 13:01:28 2023,1191,1191
0,4,Thu Nov  2 13:01:28 2023,1588,1588
0,6,Thu Nov  2 13:01:28 2023,1611,1611
0,1,Thu Nov  2 13:01:28 2023,1274,1274
0,3,Thu Nov  2 13:01:28 2023,1191,1191
0,6,Thu Nov  2 13:01:29 2023,1610,1610
0,4,Thu Nov  2 13:01:29 2023,1590,1590
0,1,Thu Nov  2 13:01:29 2023,1274,1274
0,3,Thu Nov  2 13:01:29 2023,1192,1192
0,6,Thu Nov  2 13:01:29 2023,1610,1610
0,4,Thu Nov  2 13:01:29 2023,1588,1588
0,1,Thu Nov  2 13:01:29 2023,1276,1276
0,3,Thu Nov  2 13:01:29 2023,1192,1192
0,6,Thu Nov  2 13:01:29 2023,1608,1608
0,4,Thu Nov  2 13:01:29 2023,1587,1587
0,1,Thu Nov  2 13:01:29 2023,1278,1278
0,3,Thu Nov  2 13:01:29 2023,1192,1192
0,6,Thu Nov  2 13:01:29 2023,1608,1608
0,1,Thu Nov  2 13:01:29 2023,1278,1278
0,3,Thu Nov  2 13:01:29 2023,1194,1194
0,6,Thu Nov  2 13:01:29 2023,1606,1606
0,1,Thu Nov  2 13:01:29 2023,1280,1280
0,3,Thu Nov  2 13:01:29 2023,1194,1194
0,1,Thu Nov  2 13:01:29 2023,1282,1282
0,3,Thu Nov  2 13:01:29 2023,1195,1195
0,6,Thu Nov  2 13:01:29 2023,1605,1605
0,4,Thu Nov  2 13:01:29 2023,1587,1587
0,1,Thu Nov  2 13:01:29 2023,1282,1282
0,3,Thu Nov  2 13:01:29 2023,1198,1198
0,4,Thu Nov  2 13:01:29 2023,1586,1586
0,1,Thu Nov  2 13:01:29 2023,1284,1284
0,3,Thu Nov  2 13:01:29 2023,1198,1198
0,4,Thu Nov  2 13:01:29 2023,1585,1585
0,1,Thu Nov  2 13:01:29 2023,1284,1284
0,3,Thu Nov  2 13:01:29 2023,1199,1199
0,6,Thu Nov  2 13:01:29 2023,1604,1604
0,4,Thu Nov  2 13:01:29 2023,1586,1586
0,1,Thu Nov  2 13:01:29 2023,1286,1286
0,3,Thu Nov  2 13:01:29 2023,1200,1200
0,6,Thu Nov  2 13:01:30 2023,1608,1608
0,4,Thu Nov  2 13:01:30 2023,1586,1586
0,1,Thu Nov  2 13:01:30 2023,1288,1288
0,3,Thu Nov  2 13:01:30 2023,1201,1201
0,6,Thu Nov  2 13:01:30 2023,1609,1609
0,1,Thu Nov  2 13:01:30 2023,1290,1290
0,3,Thu Nov  2 13:01:30 2023,1202,1202
0,4,Thu Nov  2 13:01:30 2023,1583,1583
0,6,Thu Nov  2 13:01:30 2023,1606,1606
0,4,Thu Nov  2 13:01:30 2023,1584,1584
0,1,Thu Nov  2 13:01:30 2023,1292,1292
0,3,Thu Nov  2 13:01:30 2023,1202,1202
0,4,Thu Nov  2 13:01:30 2023,1584,1584
0,1,Thu Nov  2 13:01:30 2023,1293,1293
0,3,Thu Nov  2 13:01:30 2023,1202,1202
0,6,Thu Nov  2 13:01:30 2023,1610,1610
0,4,Thu Nov  2 13:01:30 2023,1583,1583
0,1,Thu Nov  2 13:01:30 2023,1295,1295
0,3,Thu Nov  2 13:01:30 2023,1202,1202
0,6,Thu Nov  2 13:01:30 2023,1608,1608
0,4,Thu Nov  2 13:01:30 2023,1582,1582
0,1,Thu Nov  2 13:01:30 2023,1296,1296
0,3,Thu Nov  2 13:01:30 2023,1203,1203
0,4,Thu Nov  2 13:01:30 2023,1582,1582
0,6,Thu Nov  2 13:01:30 2023,1608,1608
0,1,Thu Nov  2 13:01:30 2023,1298,1298
0,3,Thu Nov  2 13:01:30 2023,1202,1202
0,4,Thu Nov  2 13:01:30 2023,1582,1582
0,6,Thu Nov  2 13:01:30 2023,313,313
0,1,Thu Nov  2 13:01:30 2023,1299,1299
0,3,Thu Nov  2 13:01:30 2023,1204,1204
0,5,Thu Nov  2 13:01:30 2023,1608,1608
0,4,Thu Nov  2 13:01:30 2023,1581,1581
0,6,Thu Nov  2 13:01:30 2023,317,317
0,1,Thu Nov  2 13:01:30 2023,1300,1300
0,3,Thu Nov  2 13:01:30 2023,1204,1204
0,5,Thu Nov  2 13:01:30 2023,1608,1608
0,4,Thu Nov  2 13:01:30 2023,1581,1581
0,6,Thu Nov  2 13:01:30 2023,317,317
0,1,Thu Nov  2 13:01:30 2023,1301,1301
0,3,Thu Nov  2 13:01:31 2023,1204,1204
0,5,Thu Nov  2 13:01:31 2023,1607,1607
0,6,Thu Nov  2 13:01:31 2023,318,318
0,1,Thu Nov  2 13:01:31 2023,1302,1302
0,3,Thu Nov  2 13:01:31 2023,1205,1205
0,4,Thu Nov  2 13:01:31 2023,1582,1582
0,6,Thu Nov  2 13:01:31 2023,318,318
0,1,Thu Nov  2 13:01:31 2023,1305,1305
0,3,Thu Nov  2 13:01:31 2023,1205,1205
0,5,Thu Nov  2 13:01:31 2023,1606,1606
0,6,Thu Nov  2 13:01:31 2023,315,315
0,1,Thu Nov  2 13:01:31 2023,1306,1306
0,3,Thu Nov  2 13:01:31 2023,1206,1206
0,5,Thu Nov  2 13:01:31 2023,1606,1606
0,6,Thu Nov  2 13:01:31 2023,316,316
0,1,Thu Nov  2 13:01:31 2023,1308,1308
0,3,Thu Nov  2 13:01:31 2023,1206,1206
0,5,Thu Nov  2 13:01:31 2023,1606,1606
0,6,Thu Nov  2 13:01:31 2023,316,316
0,1,Thu Nov  2 13:01:31 2023,1309,1309
0,3,Thu Nov  2 13:01:31 2023,1206,1206
0,5,Thu Nov  2 13:01:31 2023,1610,1610
0,6,Thu Nov  2 13:01:31 2023,317,317
0,1,Thu Nov  2 13:01:31 2023,1312,1312
0,3,Thu Nov  2 13:01:31 2023,1206,1206
0,5,Thu Nov  2 13:01:31 2023,1606,1606
0,6,Thu Nov  2 13:01:31 2023,318,318
0,1,Thu Nov  2 13:01:31 2023,1314,1314
0,3,Thu Nov  2 13:01:31 2023,1206,1206
0,5,Thu Nov  2 13:01:31 2023,1604,1604
0,6,Thu Nov  2 13:01:31 2023,318,318
0,1,Thu Nov  2 13:01:31 2023,1316,1316
0,3,Thu Nov  2 13:01:31 2023,1207,1207
0,6,Thu Nov  2 13:01:31 2023,318,318
0,1,Thu Nov  2 13:01:31 2023,1318,1318
0,3,Thu Nov  2 13:01:31 2023,1208,1208
0,5,Thu Nov  2 13:01:32 2023,1610,1610
0,6,Thu Nov  2 13:01:32 2023,320,320
0,1,Thu Nov  2 13:01:32 2023,1320,1320
0,3,Thu Nov  2 13:01:32 2023,1208,1208
0,5,Thu Nov  2 13:01:32 2023,1609,1609
0,6,Thu Nov  2 13:01:32 2023,320,320
0,1,Thu Nov  2 13:01:32 2023,1321,1321
0,3,Thu Nov  2 13:01:32 2023,1211,1211
0,5,Thu Nov  2 13:01:32 2023,1606,1606
0,6,Thu Nov  2 13:01:32 2023,322,322
0,1,Thu Nov  2 13:01:32 2023,1322,1322
0,5,Thu Nov  2 13:01:32 2023,1608,1608
0,6,Thu Nov  2 13:01:32 2023,323,323
0,1,Thu Nov  2 13:01:32 2023,1322,1322
0,3,Thu Nov  2 13:01:32 2023,1212,1212
0,5,Thu Nov  2 13:01:32 2023,1607,1607
0,6,Thu Nov  2 13:01:32 2023,323,323
0,1,Thu Nov  2 13:01:32 2023,1324,1324
0,3,Thu Nov  2 13:01:32 2023,1213,1213
0,6,Thu Nov  2 13:01:32 2023,324,324
0,1,Thu Nov  2 13:01:32 2023,1326,1326
0,3,Thu Nov  2 13:01:32 2023,1214,1214
0,6,Thu Nov  2 13:01:32 2023,326,326
0,1,Thu Nov  2 13:01:32 2023,1327,1327
0,3,Thu Nov  2 13:01:32 2023,1214,1214
0,6,Thu Nov  2 13:01:32 2023,326,326
0,1,Thu Nov  2 13:01:32 2023,1328,1328
0,3,Thu Nov  2 13:01:32 2023,1215,1215
0,6,Thu Nov  2 13:01:32 2023,327,327
0,1,Thu Nov  2 13:01:32 2023,1330,1330
0,3,Thu Nov  2 13:01:32 2023,1215,1215
0,6,Thu Nov  2 13:01:33 2023,327,327
0,1,Thu Nov  2 13:01:33 2023,1330,1330
0,3,Thu Nov  2 13:01:33 2023,1216,1216
0,6,Thu Nov  2 13:01:33 2023,328,328
0,1,Thu Nov  2 13:01:33 2023,1332,1332
0,3,Thu Nov  2 13:01:33 2023,1216,1216
0,6,Thu Nov  2 13:01:33 2023,329,329
0,1,Thu Nov  2 13:01:33 2023,1334,1334
0,3,Thu Nov  2 13:01:33 2023,1216,1216
0,6,Thu Nov  2 13:01:33 2023,329,329
0,1,Thu Nov  2 13:01:33 2023,1335,1335
0,3,Thu Nov  2 13:01:33 2023,1216,1216
0,6,Thu Nov  2 13:01:33 2023,330,330
0,1,Thu Nov  2 13:01:33 2023,1335,1335
0,3,Thu Nov  2 13:01:33 2023,1217,1217
0,5,Thu Nov  2 13:01:33 2023,1602,1602
0,6,Thu Nov  2 13:01:33 2023,332,332
0,1,Thu Nov  2 13:01:33 2023,1336,1336
0,3,Thu Nov  2 13:01:33 2023,1218,1218
0,5,Thu Nov  2 13:01:33 2023,1603,1603
0,6,Thu Nov  2 13:01:33 2023,333,333
0,1,Thu Nov  2 13:01:33 2023,1338,1338
0,3,Thu Nov  2 13:01:33 2023,1218,1218
0,5,Thu Nov  2 13:01:33 2023,1608,1608
0,6,Thu Nov  2 13:01:33 2023,334,334
0,1,Thu Nov  2 13:01:33 2023,1338,1338
0,3,Thu Nov  2 13:01:33 2023,1218,1218
0,5,Thu Nov  2 13:01:33 2023,1608,1608
0,6,Thu Nov  2 13:01:33 2023,335,335
0,1,Thu Nov  2 13:01:33 2023,1336,1336
0,3,Thu Nov  2 13:01:33 2023,1219,1219
0,5,Thu Nov  2 13:01:33 2023,1608,1608
0,6,Thu Nov  2 13:01:33 2023,335,335
0,1,Thu Nov  2 13:01:33 2023,1338,1338
0,3,Thu Nov  2 13:01:33 2023,1220,1220
0,5,Thu Nov  2 13:01:34 2023,1609,1609
0,6,Thu Nov  2 13:01:34 2023,336,336
0,1,Thu Nov  2 13:01:34 2023,1339,1339
0,3,Thu Nov  2 13:01:34 2023,1221,1221
0,5,Thu Nov  2 13:01:34 2023,1609,1609
0,6,Thu Nov  2 13:01:34 2023,337,337
0,1,Thu Nov  2 13:01:34 2023,1340,1340
0,3,Thu Nov  2 13:01:34 2023,1222,1222
0,5,Thu Nov  2 13:01:34 2023,1610,1610
0,6,Thu Nov  2 13:01:34 2023,338,338
0,1,Thu Nov  2 13:01:34 2023,1341,1341
0,3,Thu Nov  2 13:01:34 2023,1224,1224
0,5,Thu Nov  2 13:01:34 2023,1612,1612
0,6,Thu Nov  2 13:01:34 2023,339,339
0,1,Thu Nov  2 13:01:34 2023,1341,1341
0,3,Thu Nov  2 13:01:34 2023,1225,1225
0,5,Thu Nov  2 13:01:34 2023,1610,1610
0,6,Thu Nov  2 13:01:34 2023,340,340
0,1,Thu Nov  2 13:01:34 2023,1342,1342
0,3,Thu Nov  2 13:01:34 2023,1226,1226
0,5,Thu Nov  2 13:01:34 2023,1614,1614
0,6,Thu Nov  2 13:01:34 2023,342,342
0,1,Thu Nov  2 13:01:34 2023,1342,1342
0,3,Thu Nov  2 13:01:34 2023,1226,1226
0,5,Thu Nov  2 13:01:34 2023,1610,1610
0,6,Thu Nov  2 13:01:34 2023,344,344
0,1,Thu Nov  2 13:01:34 2023,1344,1344
0,3,Thu Nov  2 13:01:34 2023,1227,1227
0,5,Thu Nov  2 13:01:34 2023,1614,1614
0,6,Thu Nov  2 13:01:34 2023,345,345
0,1,Thu Nov  2 13:01:34 2023,1344,1344
0,3,Thu Nov  2 13:01:34 2023,1228,1228
0,6,Thu Nov  2 13:01:34 2023,346,346
0,1,Thu Nov  2 13:01:34 2023,1344,1344
0,3,Thu Nov  2 13:01:34 2023,1228,1228
0,6,Thu Nov  2 13:01:35 2023,348,348
0,1,Thu Nov  2 13:01:35 2023,1345,1345
0,3,Thu Nov  2 13:01:35 2023,1228,1228
0,6,Thu Nov  2 13:01:35 2023,350,350
0,1,Thu Nov  2 13:01:35 2023,1345,1345
0,3,Thu Nov  2 13:01:35 2023,1228,1228
0,6,Thu Nov  2 13:01:35 2023,351,351
0,1,Thu Nov  2 13:01:35 2023,1346,1346
0,3,Thu Nov  2 13:01:35 2023,1228,1228
0,6,Thu Nov  2 13:01:35 2023,352,352
0,1,Thu Nov  2 13:01:35 2023,1347,1347
0,3,Thu Nov  2 13:01:35 2023,1228,1228
0,6,Thu Nov  2 13:01:35 2023,352,352
0,1,Thu Nov  2 13:01:35 2023,1348,1348
0,3,Thu Nov  2 13:01:35 2023,1229,1229
0,6,Thu Nov  2 13:01:35 2023,353,353
0,1,Thu Nov  2 13:01:35 2023,1348,1348
0,3,Thu Nov  2 13:01:35 2023,1229,1229
0,6,Thu Nov  2 13:01:35 2023,353,353
0,1,Thu Nov  2 13:01:35 2023,1346,1346
0,3,Thu Nov  2 13:01:35 2023,1230,1230
0,6,Thu Nov  2 13:01:35 2023,354,354
0,1,Thu Nov  2 13:01:35 2023,1348,1348
0,3,Thu Nov  2 13:01:35 2023,1230,1230
0,6,Thu Nov  2 13:01:35 2023,354,354
0,3,Thu Nov  2 13:01:35 2023,1232,1232
0,6,Thu Nov  2 13:01:35 2023,354,354
0,3,Thu Nov  2 13:01:35 2023,1234,1234
0,5,Thu Nov  2 13:01:35 2023,1578,1578
0,6,Thu Nov  2 13:01:35 2023,358,358
0,3,Thu Nov  2 13:01:35 2023,1236,1236
0,6,Thu Nov  2 13:01:36 2023,358,358
0,3,Thu Nov  2 13:01:36 2023,1236,1236
0,6,Thu Nov  2 13:01:36 2023,356,356
0,3,Thu Nov  2 13:01:36 2023,1237,1237
0,7,Thu Nov  2 13:01:36 2023,1611,1611
0,6,Thu Nov  2 13:01:36 2023,358,358
0,3,Thu Nov  2 13:01:36 2023,1238,1238
0,7,Thu Nov  2 13:01:36 2023,1610,1610
0,6,Thu Nov  2 13:01:36 2023,359,359
0,3,Thu Nov  2 13:01:36 2023,1238,1238
0,7,Thu Nov  2 13:01:36 2023,1610,1610
0,6,Thu Nov  2 13:01:36 2023,360,360
0,6,Thu Nov  2 13:01:36 2023,990,990
0,3,Thu Nov  2 13:01:36 2023,1238,1238
0,7,Thu Nov  2 13:01:36 2023,1608,1608
0,8,Thu Nov  2 13:01:36 2023,362,362
0,3,Thu Nov  2 13:01:36 2023,1240,1240
0,7,Thu Nov  2 13:01:36 2023,1608,1608
0,8,Thu Nov  2 13:01:36 2023,364,364
0,6,Thu Nov  2 13:01:36 2023,990,990
0,3,Thu Nov  2 13:01:36 2023,1240,1240
0,7,Thu Nov  2 13:01:36 2023,1606,1606
0,8,Thu Nov  2 13:01:36 2023,366,366
0,3,Thu Nov  2 13:01:36 2023,1240,1240
0,7,Thu Nov  2 13:01:36 2023,1605,1605
0,8,Thu Nov  2 13:01:36 2023,366,366
0,3,Thu Nov  2 13:01:36 2023,1240,1240
0,7,Thu Nov  2 13:01:36 2023,1603,1603
0,8,Thu Nov  2 13:01:36 2023,366,366
0,3,Thu Nov  2 13:01:36 2023,1240,1240
0,7,Thu Nov  2 13:01:36 2023,1599,1599
0,8,Thu Nov  2 13:01:36 2023,369,369
0,3,Thu Nov  2 13:01:36 2023,1240,1240
0,7,Thu Nov  2 13:01:37 2023,1603,1603
0,8,Thu Nov  2 13:01:37 2023,368,368
0,3,Thu Nov  2 13:01:37 2023,1241,1241
0,7,Thu Nov  2 13:01:37 2023,1603,1603
0,8,Thu Nov  2 13:01:37 2023,369,369
0,3,Thu Nov  2 13:01:37 2023,1241,1241
0,7,Thu Nov  2 13:01:37 2023,1603,1603
0,8,Thu Nov  2 13:01:37 2023,370,370
0,3,Thu Nov  2 13:01:37 2023,1242,1242
0,7,Thu Nov  2 13:01:37 2023,1602,1602
0,8,Thu Nov  2 13:01:37 2023,369,369
0,3,Thu Nov  2 13:01:37 2023,1242,1242
0,7,Thu Nov  2 13:01:37 2023,1602,1602
0,8,Thu Nov  2 13:01:37 2023,368,368
0,1,Thu Nov  2 13:01:37 2023,1346,1346
0,3,Thu Nov  2 13:01:37 2023,1242,1242
0,7,Thu Nov  2 13:01:37 2023,1600,1600
0,8,Thu Nov  2 13:01:37 2023,370,370
0,1,Thu Nov  2 13:01:37 2023,1343,1343
0,3,Thu Nov  2 13:01:37 2023,1244,1244
0,7,Thu Nov  2 13:01:37 2023,1601,1601
0,8,Thu Nov  2 13:01:37 2023,372,372
0,1,Thu Nov  2 13:01:37 2023,1343,1343
0,3,Thu Nov  2 13:01:37 2023,1246,1246
0,7,Thu Nov  2 13:01:37 2023,1608,1608
0,8,Thu Nov  2 13:01:37 2023,372,372
0,1,Thu Nov  2 13:01:37 2023,1345,1345
0,3,Thu Nov  2 13:01:37 2023,1248,1248
0,7,Thu Nov  2 13:01:37 2023,1592,1592
0,7,Thu Nov  2 13:01:37 2023,1608,1608
0,8,Thu Nov  2 13:01:37 2023,372,372
0,1,Thu Nov  2 13:01:37 2023,1344,1344
0,3,Thu Nov  2 13:01:37 2023,1248,1248
0,7,Thu Nov  2 13:01:37 2023,1608,1608
0,8,Thu Nov  2 13:01:37 2023,375,375
0,1,Thu Nov  2 13:01:37 2023,1343,1343
0,3,Thu Nov  2 13:01:37 2023,1250,1250
0,7,Thu Nov  2 13:01:38 2023,1592,1592
0,7,Thu Nov  2 13:01:38 2023,1606,1606
0,8,Thu Nov  2 13:01:38 2023,373,373
0,1,Thu Nov  2 13:01:38 2023,1342,1342
0,3,Thu Nov  2 13:01:38 2023,1250,1250
0,7,Thu Nov  2 13:01:38 2023,1592,1592
0,8,Thu Nov  2 13:01:38 2023,377,377
0,7,Thu Nov  2 13:01:38 2023,1606,1606
0,1,Thu Nov  2 13:01:38 2023,1341,1341
0,3,Thu Nov  2 13:01:38 2023,1250,1250
0,8,Thu Nov  2 13:01:38 2023,390,390
0,7,Thu Nov  2 13:01:38 2023,1590,1590
0,8,Thu Nov  2 13:01:38 2023,370,370
0,7,Thu Nov  2 13:01:38 2023,1606,1606
0,1,Thu Nov  2 13:01:38 2023,1342,1342
0,3,Thu Nov  2 13:01:38 2023,1250,1250
0,5,Thu Nov  2 13:01:38 2023,1588,1588
0,8,Thu Nov  2 13:01:38 2023,379,379
0,7,Thu Nov  2 13:01:38 2023,1605,1605
0,1,Thu Nov  2 13:01:38 2023,1341,1341
0,3,Thu Nov  2 13:01:38 2023,1250,1250
0,5,Thu Nov  2 13:01:38 2023,1591,1591
0,8,Thu Nov  2 13:01:38 2023,380,380
0,7,Thu Nov  2 13:01:38 2023,1604,1604
0,1,Thu Nov  2 13:01:38 2023,1340,1340
0,3,Thu Nov  2 13:01:38 2023,1251,1251
0,8,Thu Nov  2 13:01:38 2023,375,375
0,7,Thu Nov  2 13:01:38 2023,1598,1598
0,1,Thu Nov  2 13:01:38 2023,1338,1338
0,3,Thu Nov  2 13:01:38 2023,1250,1250
0,8,Thu Nov  2 13:01:38 2023,378,378
0,5,Thu Nov  2 13:01:38 2023,1592,1592
0,1,Thu Nov  2 13:01:38 2023,1338,1338
0,3,Thu Nov  2 13:01:38 2023,1251,1251
0,8,Thu Nov  2 13:01:38 2023,379,379
0,7,Thu Nov  2 13:01:38 2023,1598,1598
0,1,Thu Nov  2 13:01:38 2023,1338,1338
0,3,Thu Nov  2 13:01:38 2023,1252,1252
0,8,Thu Nov  2 13:01:38 2023,380,380
0,5,Thu Nov  2 13:01:38 2023,1592,1592
0,1,Thu Nov  2 13:01:39 2023,1337,1337
0,3,Thu Nov  2 13:01:39 2023,1252,1252
0,8,Thu Nov  2 13:01:39 2023,382,382
0,5,Thu Nov  2 13:01:39 2023,1591,1591
0,1,Thu Nov  2 13:01:39 2023,1335,1335
0,3,Thu Nov  2 13:01:39 2023,1252,1252
0,8,Thu Nov  2 13:01:39 2023,383,383
0,5,Thu Nov  2 13:01:39 2023,1590,1590
0,1,Thu Nov  2 13:01:39 2023,1334,1334
0,3,Thu Nov  2 13:01:39 2023,1252,1252
0,8,Thu Nov  2 13:01:39 2023,382,382
0,5,Thu Nov  2 13:01:39 2023,1590,1590
0,1,Thu Nov  2 13:01:39 2023,1333,1333
0,3,Thu Nov  2 13:01:39 2023,1253,1253
0,8,Thu Nov  2 13:01:39 2023,384,384
0,5,Thu Nov  2 13:01:39 2023,1592,1592
0,1,Thu Nov  2 13:01:39 2023,1332,1332
0,3,Thu Nov  2 13:01:39 2023,1254,1254
0,8,Thu Nov  2 13:01:39 2023,384,384
0,5,Thu Nov  2 13:01:39 2023,1590,1590
0,1,Thu Nov  2 13:01:39 2023,1330,1330
0,8,Thu Nov  2 13:01:39 2023,385,385
0,5,Thu Nov  2 13:01:39 2023,1591,1591
0,1,Thu Nov  2 13:01:39 2023,1329,1329
0,3,Thu Nov  2 13:01:39 2023,1258,1258
0,8,Thu Nov  2 13:01:39 2023,385,385
0,5,Thu Nov  2 13:01:39 2023,1594,1594
0,1,Thu Nov  2 13:01:39 2023,1328,1328
0,3,Thu Nov  2 13:01:39 2023,1258,1258
0,8,Thu Nov  2 13:01:39 2023,386,386
0,5,Thu Nov  2 13:01:39 2023,1590,1590
0,1,Thu Nov  2 13:01:39 2023,1326,1326
0,3,Thu Nov  2 13:01:39 2023,1259,1259
0,8,Thu Nov  2 13:01:39 2023,386,386
0,5,Thu Nov  2 13:01:39 2023,1588,1588
0,1,Thu Nov  2 13:01:39 2023,1326,1326
0,3,Thu Nov  2 13:01:40 2023,1260,1260
0,8,Thu Nov  2 13:01:40 2023,388,388
0,5,Thu Nov  2 13:01:40 2023,1587,1587
0,1,Thu Nov  2 13:01:40 2023,1325,1325
0,3,Thu Nov  2 13:01:40 2023,1260,1260
0,4,Thu Nov  2 13:01:40 2023,1592,1592
0,8,Thu Nov  2 13:01:40 2023,388,388
0,5,Thu Nov  2 13:01:40 2023,1586,1586
0,1,Thu Nov  2 13:01:40 2023,1324,1324
0,3,Thu Nov  2 13:01:40 2023,1262,1262
0,8,Thu Nov  2 13:01:40 2023,390,390
0,5,Thu Nov  2 13:01:40 2023,1584,1584
0,1,Thu Nov  2 13:01:40 2023,1322,1322
0,3,Thu Nov  2 13:01:40 2023,1262,1262
0,8,Thu Nov  2 13:01:40 2023,390,390
0,5,Thu Nov  2 13:01:40 2023,1584,1584
0,1,Thu Nov  2 13:01:40 2023,1321,1321
0,3,Thu Nov  2 13:01:40 2023,1262,1262
0,8,Thu Nov  2 13:01:40 2023,392,392
0,1,Thu Nov  2 13:01:40 2023,1320,1320
0,3,Thu Nov  2 13:01:40 2023,1262,1262
0,8,Thu Nov  2 13:01:40 2023,392,392
0,5,Thu Nov  2 13:01:40 2023,1582,1582
0,1,Thu Nov  2 13:01:40 2023,1318,1318
0,3,Thu Nov  2 13:01:40 2023,1262,1262
0,9,Thu Nov  2 13:01:40 2023,1913,1913
0,8,Thu Nov  2 13:01:40 2023,392,392
0,4,Thu Nov  2 13:01:40 2023,1580,1580
0,1,Thu Nov  2 13:01:40 2023,1318,1318
0,3,Thu Nov  2 13:01:40 2023,1262,1262
0,9,Thu Nov  2 13:01:40 2023,1912,1912
0,4,Thu Nov  2 13:01:40 2023,1570,1570
0,8,Thu Nov  2 13:01:40 2023,392,392
0,1,Thu Nov  2 13:01:40 2023,1318,1318
0,3,Thu Nov  2 13:01:40 2023,1262,1262
0,9,Thu Nov  2 13:01:40 2023,1912,1912
0,8,Thu Nov  2 13:01:40 2023,384,384
0,8,Thu Nov  2 13:01:41 2023,400,400
0,4,Thu Nov  2 13:01:41 2023,1576,1576
0,1,Thu Nov  2 13:01:41 2023,1316,1316
0,3,Thu Nov  2 13:01:41 2023,1263,1263
0,9,Thu Nov  2 13:01:41 2023,1911,1911
0,8,Thu Nov  2 13:01:41 2023,392,392
0,4,Thu Nov  2 13:01:41 2023,1572,1572
0,1,Thu Nov  2 13:01:41 2023,1315,1315
0,3,Thu Nov  2 13:01:41 2023,1262,1262
0,9,Thu Nov  2 13:01:41 2023,1910,1910
0,8,Thu Nov  2 13:01:41 2023,393,393
0,4,Thu Nov  2 13:01:41 2023,1566,1566
0,1,Thu Nov  2 13:01:41 2023,1314,1314
0,3,Thu Nov  2 13:01:41 2023,1264,1264
0,9,Thu Nov  2 13:01:41 2023,1909,1909
0,8,Thu Nov  2 13:01:41 2023,395,395
0,4,Thu Nov  2 13:01:41 2023,1566,1566
0,1,Thu Nov  2 13:01:41 2023,1312,1312
0,3,Thu Nov  2 13:01:41 2023,1264,1264
0,9,Thu Nov  2 13:01:41 2023,1908,1908
0,6,Thu Nov  2 13:01:41 2023,1908,1908
0,8,Thu Nov  2 13:01:41 2023,396,396
0,4,Thu Nov  2 13:01:41 2023,1568,1568
0,1,Thu Nov  2 13:01:41 2023,1312,1312
0,3,Thu Nov  2 13:01:41 2023,1266,1266
0,9,Thu Nov  2 13:01:41 2023,1907,1907
0,6,Thu Nov  2 13:01:41 2023,1907,1907
0,8,Thu Nov  2 13:01:41 2023,396,396
0,4,Thu Nov  2 13:01:41 2023,1568,1568
0,1,Thu Nov  2 13:01:41 2023,1312,1312
0,3,Thu Nov  2 13:01:41 2023,1267,1267
0,6,Thu Nov  2 13:01:41 2023,1906,1906
0,8,Thu Nov  2 13:01:41 2023,397,397
0,4,Thu Nov  2 13:01:41 2023,1572,1572
0,1,Thu Nov  2 13:01:41 2023,1311,1311
0,3,Thu Nov  2 13:01:41 2023,1268,1268
0,9,Thu Nov  2 13:01:41 2023,1907,1907
0,6,Thu Nov  2 13:01:41 2023,1902,1902
0,8,Thu Nov  2 13:01:41 2023,398,398
0,4,Thu Nov  2 13:01:41 2023,1572,1572
0,1,Thu Nov  2 13:01:41 2023,1310,1310
0,9,Thu Nov  2 13:01:41 2023,1908,1908
0,6,Thu Nov  2 13:01:41 2023,1902,1902
0,8,Thu Nov  2 13:01:42 2023,398,398
0,4,Thu Nov  2 13:01:42 2023,1568,1568
0,1,Thu Nov  2 13:01:42 2023,1310,1310
0,9,Thu Nov  2 13:01:42 2023,1906,1906
0,6,Thu Nov  2 13:01:42 2023,1900,1900
0,9,Thu Nov  2 13:01:42 2023,1326,1326
0,8,Thu Nov  2 13:01:42 2023,392,392
0,8,Thu Nov  2 13:01:42 2023,407,407
0,4,Thu Nov  2 13:01:42 2023,1568,1568
0,1,Thu Nov  2 13:01:42 2023,1310,1310
0,3,Thu Nov  2 13:01:42 2023,1270,1270
0,6,Thu Nov  2 13:01:42 2023,1908,1908
0,6,Thu Nov  2 13:01:42 2023,1898,1898
0,9,Thu Nov  2 13:01:42 2023,1326,1326
0,8,Thu Nov  2 13:01:42 2023,392,392
0,8,Thu Nov  2 13:01:42 2023,408,408
0,4,Thu Nov  2 13:01:42 2023,1570,1570
0,1,Thu Nov  2 13:01:42 2023,1310,1310
0,3,Thu Nov  2 13:01:42 2023,1270,1270
0,6,Thu Nov  2 13:01:42 2023,1906,1906
0,6,Thu Nov  2 13:01:42 2023,1895,1895
0,9,Thu Nov  2 13:01:42 2023,1326,1326
0,8,Thu Nov  2 13:01:42 2023,410,410
0,8,Thu Nov  2 13:01:42 2023,392,392
0,4,Thu Nov  2 13:01:42 2023,1570,1570
0,3,Thu Nov  2 13:01:42 2023,1268,1268
0,6,Thu Nov  2 13:01:42 2023,1905,1905
0,6,Thu Nov  2 13:01:42 2023,1894,1894
0,8,Thu Nov  2 13:01:42 2023,396,396
0,8,Thu Nov  2 13:01:42 2023,410,410
0,4,Thu Nov  2 13:01:42 2023,1570,1570
0,3,Thu Nov  2 13:01:42 2023,1269,1269
0,6,Thu Nov  2 13:01:42 2023,1892,1892
0,6,Thu Nov  2 13:01:42 2023,1905,1905
0,8,Thu Nov  2 13:01:42 2023,392,392
0,4,Thu Nov  2 13:01:42 2023,1569,1569
0,3,Thu Nov  2 13:01:42 2023,1270,1270
0,6,Thu Nov  2 13:01:42 2023,1905,1905
0,8,Thu Nov  2 13:01:42 2023,392,392
0,4,Thu Nov  2 13:01:42 2023,1568,1568
0,3,Thu Nov  2 13:01:42 2023,1270,1270
0,6,Thu Nov  2 13:01:42 2023,1891,1891
0,6,Thu Nov  2 13:01:42 2023,1906,1906
0,4,Thu Nov  2 13:01:42 2023,1580,1580
0,8,Thu Nov  2 13:01:42 2023,394,394
0,5,Thu Nov  2 13:01:42 2023,1564,1564
0,3,Thu Nov  2 13:01:43 2023,1270,1270
0,6,Thu Nov  2 13:01:43 2023,1897,1897
0,8,Thu Nov  2 13:01:43 2023,395,395
0,5,Thu Nov  2 13:01:43 2023,1564,1564
0,3,Thu Nov  2 13:01:43 2023,1271,1271
0,6,Thu Nov  2 13:01:43 2023,1906,1906
0,4,Thu Nov  2 13:01:43 2023,1579,1579
0,8,Thu Nov  2 13:01:43 2023,412,412
0,8,Thu Nov  2 13:01:43 2023,397,397
0,5,Thu Nov  2 13:01:43 2023,1565,1565
0,3,Thu Nov  2 13:01:43 2023,1272,1272
0,6,Thu Nov  2 13:01:43 2023,1898,1898
0,8,Thu Nov  2 13:01:43 2023,411,411
0,5,Thu Nov  2 13:01:43 2023,1562,1562
0,3,Thu Nov  2 13:01:43 2023,1272,1272
0,6,Thu Nov  2 13:01:43 2023,1891,1891
0,10,Thu Nov  2 13:01:43 2023,1904,1904
0,8,Thu Nov  2 13:01:43 2023,412,412
0,5,Thu Nov  2 13:01:43 2023,1562,1562
0,3,Thu Nov  2 13:01:43 2023,1273,1273
0,6,Thu Nov  2 13:01:43 2023,1891,1891
0,10,Thu Nov  2 13:01:43 2023,1903,1903
0,8,Thu Nov  2 13:01:43 2023,412,412
0,5,Thu Nov  2 13:01:43 2023,1561,1561
0,3,Thu Nov  2 13:01:43 2023,1274,1274
0,10,Thu Nov  2 13:01:43 2023,1901,1901
0,8,Thu Nov  2 13:01:43 2023,412,412
0,5,Thu Nov  2 13:01:43 2023,1561,1561
0,3,Thu Nov  2 13:01:43 2023,1274,1274
0,6,Thu Nov  2 13:01:43 2023,1886,1886
0,10,Thu Nov  2 13:01:43 2023,1900,1900
0,4,Thu Nov  2 13:01:43 2023,1578,1578
0,8,Thu Nov  2 13:01:43 2023,413,413
0,5,Thu Nov  2 13:01:43 2023,1560,1560
0,3,Thu Nov  2 13:01:43 2023,1274,1274
0,10,Thu Nov  2 13:01:43 2023,1894,1894
0,4,Thu Nov  2 13:01:43 2023,1578,1578
0,8,Thu Nov  2 13:01:43 2023,413,413
0,5,Thu Nov  2 13:01:43 2023,1561,1561
0,3,Thu Nov  2 13:01:43 2023,1274,1274
0,10,Thu Nov  2 13:01:44 2023,1900,1900
0,8,Thu Nov  2 13:01:44 2023,412,412
0,5,Thu Nov  2 13:01:44 2023,1557,1557
0,3,Thu Nov  2 13:01:44 2023,1275,1275
0,10,Thu Nov  2 13:01:44 2023,1900,1900
0,8,Thu Nov  2 13:01:44 2023,408,408
0,5,Thu Nov  2 13:01:44 2023,1559,1559
0,3,Thu Nov  2 13:01:44 2023,1276,1276
0,10,Thu Nov  2 13:01:44 2023,1890,1890
0,8,Thu Nov  2 13:01:44 2023,407,407
0,5,Thu Nov  2 13:01:44 2023,1556,1556
0,1,Thu Nov  2 13:01:44 2023,1310,1310
0,3,Thu Nov  2 13:01:44 2023,1276,1276
0,10,Thu Nov  2 13:01:44 2023,1888,1888
0,8,Thu Nov  2 13:01:44 2023,408,408
0,5,Thu Nov  2 13:01:44 2023,1560,1560
0,1,Thu Nov  2 13:01:44 2023,1310,1310
0,10,Thu Nov  2 13:01:44 2023,1888,1888
0,4,Thu Nov  2 13:01:44 2023,1570,1570
0,8,Thu Nov  2 13:01:44 2023,415,415
0,5,Thu Nov  2 13:01:44 2023,1554,1554
0,1,Thu Nov  2 13:01:44 2023,1312,1312
0,3,Thu Nov  2 13:01:44 2023,1277,1277
0,10,Thu Nov  2 13:01:44 2023,1886,1886
0,4,Thu Nov  2 13:01:44 2023,1568,1568
0,8,Thu Nov  2 13:01:44 2023,416,416
0,5,Thu Nov  2 13:01:44 2023,1554,1554
0,1,Thu Nov  2 13:01:44 2023,1310,1310
0,3,Thu Nov  2 13:01:44 2023,1277,1277
0,10,Thu Nov  2 13:01:44 2023,1886,1886
0,8,Thu Nov  2 13:01:44 2023,410,410
0,5,Thu Nov  2 13:01:44 2023,1555,1555
0,1,Thu Nov  2 13:01:44 2023,1310,1310
0,3,Thu Nov  2 13:01:44 2023,1277,1277
0,10,Thu Nov  2 13:01:44 2023,1886,1886
0,8,Thu Nov  2 13:01:44 2023,410,410
0,5,Thu Nov  2 13:01:44 2023,1546,1546
0,10,Thu Nov  2 13:01:44 2023,1884,1884
0,4,Thu Nov  2 13:01:44 2023,1568,1568
0,8,Thu Nov  2 13:01:44 2023,410,410
0,5,Thu Nov  2 13:01:45 2023,1546,1546
0,10,Thu Nov  2 13:01:45 2023,1884,1884
0,4,Thu Nov  2 13:01:45 2023,1567,1567
0,8,Thu Nov  2 13:01:45 2023,418,418
0,8,Thu Nov  2 13:01:45 2023,402,402
0,5,Thu Nov  2 13:01:45 2023,1544,1544
0,6,Thu Nov  2 13:01:45 2023,1880,1880
0,11,Thu Nov  2 13:01:45 2023,1862,1862
0,4,Thu Nov  2 13:01:45 2023,1568,1568
0,8,Thu Nov  2 13:01:45 2023,408,408
0,5,Thu Nov  2 13:01:45 2023,1544,1544
0,3,Thu Nov  2 13:01:45 2023,1278,1278
0,6,Thu Nov  2 13:01:45 2023,1880,1880
0,11,Thu Nov  2 13:01:45 2023,1858,1858
0,4,Thu Nov  2 13:01:45 2023,1567,1567
0,8,Thu Nov  2 13:01:45 2023,410,410
0,5,Thu Nov  2 13:01:45 2023,1543,1543
0,6,Thu Nov  2 13:01:45 2023,1878,1878
0,11,Thu Nov  2 13:01:45 2023,1854,1854
0,4,Thu Nov  2 13:01:45 2023,1566,1566
0,8,Thu Nov  2 13:01:45 2023,410,410
0,5,Thu Nov  2 13:01:45 2023,1542,1542
0,6,Thu Nov  2 13:01:45 2023,1874,1874
0,11,Thu Nov  2 13:01:45 2023,1860,1860
0,4,Thu Nov  2 13:01:45 2023,1566,1566
0,8,Thu Nov  2 13:01:45 2023,410,410
0,5,Thu Nov  2 13:01:45 2023,1542,1542
0,11,Thu Nov  2 13:01:45 2023,1853,1853
0,4,Thu Nov  2 13:01:45 2023,1564,1564
0,8,Thu Nov  2 13:01:45 2023,411,411
0,5,Thu Nov  2 13:01:45 2023,1541,1541
0,11,Thu Nov  2 13:01:45 2023,1850,1850
0,4,Thu Nov  2 13:01:45 2023,1564,1564
0,8,Thu Nov  2 13:01:46 2023,412,412
0,5,Thu Nov  2 13:01:46 2023,1540,1540
0,11,Thu Nov  2 13:01:46 2023,1850,1850
0,4,Thu Nov  2 13:01:46 2023,1563,1563
0,8,Thu Nov  2 13:01:46 2023,412,412
0,5,Thu Nov  2 13:01:46 2023,1538,1538
0,11,Thu Nov  2 13:01:46 2023,1857,1857
0,8,Thu Nov  2 13:01:46 2023,414,414
0,5,Thu Nov  2 13:01:46 2023,1537,1537
0,11,Thu Nov  2 13:01:46 2023,1855,1855
0,4,Thu Nov  2 13:01:46 2023,1562,1562
0,8,Thu Nov  2 13:01:46 2023,414,414
0,5,Thu Nov  2 13:01:46 2023,1536,1536
0,10,Thu Nov  2 13:01:46 2023,1863,1863
0,11,Thu Nov  2 13:01:46 2023,1846,1846
0,8,Thu Nov  2 13:01:46 2023,423,423
0,8,Thu Nov  2 13:01:46 2023,410,410
0,5,Thu Nov  2 13:01:46 2023,1534,1534
0,10,Thu Nov  2 13:01:46 2023,1858,1858
0,4,Thu Nov  2 13:01:46 2023,1558,1558
0,8,Thu Nov  2 13:01:46 2023,416,416
0,5,Thu Nov  2 13:01:46 2023,1532,1532
0,10,Thu Nov  2 13:01:46 2023,1852,1852
0,4,Thu Nov  2 13:01:46 2023,1558,1558
0,8,Thu Nov  2 13:01:46 2023,416,416
0,5,Thu Nov  2 13:01:46 2023,1531,1531
0,10,Thu Nov  2 13:01:46 2023,1860,1860
0,11,Thu Nov  2 13:01:46 2023,1844,1844
0,4,Thu Nov  2 13:01:46 2023,1556,1556
0,8,Thu Nov  2 13:01:46 2023,416,416
0,5,Thu Nov  2 13:01:46 2023,1530,1530
0,10,Thu Nov  2 13:01:46 2023,1850,1850
0,8,Thu Nov  2 13:01:46 2023,418,418
0,5,Thu Nov  2 13:01:46 2023,1530,1530
0,10,Thu Nov  2 13:01:47 2023,1859,1859
0,11,Thu Nov  2 13:01:47 2023,1848,1848
0,8,Thu Nov  2 13:01:47 2023,424,424
0,8,Thu Nov  2 13:01:47 2023,412,412
0,5,Thu Nov  2 13:01:47 2023,1530,1530
0,10,Thu Nov  2 13:01:47 2023,1855,1855
0,11,Thu Nov  2 13:01:47 2023,1840,1840
0,8,Thu Nov  2 13:01:47 2023,428,428
0,8,Thu Nov  2 13:01:47 2023,413,413
0,5,Thu Nov  2 13:01:47 2023,1527,1527
0,10,Thu Nov  2 13:01:47 2023,1848,1848
0,4,Thu Nov  2 13:01:47 2023,1557,1557
0,8,Thu Nov  2 13:01:47 2023,414,414
0,5,Thu Nov  2 13:01:47 2023,1524,1524
0,10,Thu Nov  2 13:01:47 2023,1848,1848
0,8,Thu Nov  2 13:01:47 2023,419,419
0,5,Thu Nov  2 13:01:47 2023,1523,1523
0,10,Thu Nov  2 13:01:47 2023,1846,1846
0,4,Thu Nov  2 13:01:47 2023,1558,1558
0,8,Thu Nov  2 13:01:47 2023,430,430
0,8,Thu Nov  2 13:01:47 2023,416,416
0,5,Thu Nov  2 13:01:47 2023,1523,1523
0,10,Thu Nov  2 13:01:47 2023,1823,1823
0,11,Thu Nov  2 13:01:47 2023,1851,1851
0,8,Thu Nov  2 13:01:47 2023,430,430
0,8,Thu Nov  2 13:01:47 2023,416,416
0,4,Thu Nov  2 13:01:47 2023,1558,1558
0,5,Thu Nov  2 13:01:47 2023,1526,1526
0,10,Thu Nov  2 13:01:47 2023,1827,1827
0,11,Thu Nov  2 13:01:47 2023,1844,1844
0,8,Thu Nov  2 13:01:47 2023,421,421
0,4,Thu Nov  2 13:01:47 2023,1557,1557
0,5,Thu Nov  2 13:01:47 2023,1529,1529
0,10,Thu Nov  2 13:01:47 2023,1826,1826
0,11,Thu Nov  2 13:01:47 2023,1848,1848
0,4,Thu Nov  2 13:01:47 2023,1557,1557
0,8,Thu Nov  2 13:01:48 2023,431,431
0,8,Thu Nov  2 13:01:48 2023,418,418
0,11,Thu Nov  2 13:01:48 2023,1558,1558
0,5,Thu Nov  2 13:01:48 2023,1526,1526
0,10,Thu Nov  2 13:01:48 2023,1824,1824
0,10,Thu Nov  2 13:01:48 2023,1842,1842
0,8,Thu Nov  2 13:01:48 2023,422,422
0,4,Thu Nov  2 13:01:48 2023,1557,1557
0,5,Thu Nov  2 13:01:48 2023,1523,1523
0,1,Thu Nov  2 13:01:48 2023,1311,1311
0,10,Thu Nov  2 13:01:48 2023,1822,1822
0,10,Thu Nov  2 13:01:48 2023,1846,1846
0,8,Thu Nov  2 13:01:48 2023,428,428
0,8,Thu Nov  2 13:01:48 2023,418,418
0,4,Thu Nov  2 13:01:48 2023,1556,1556
0,5,Thu Nov  2 13:01:48 2023,1523,1523
0,1,Thu Nov  2 13:01:48 2023,1311,1311
0,10,Thu Nov  2 13:01:48 2023,1822,1822
0,10,Thu Nov  2 13:01:48 2023,1844,1844
0,8,Thu Nov  2 13:01:48 2023,428,428
0,4,Thu Nov  2 13:01:48 2023,1556,1556
0,8,Thu Nov  2 13:01:48 2023,418,418
0,5,Thu Nov  2 13:01:48 2023,1529,1529
0,5,Thu Nov  2 13:01:48 2023,1524,1524
0,11,Thu Nov  2 13:01:48 2023,1820,1820
0,10,Thu Nov  2 13:01:48 2023,1844,1844
0,8,Thu Nov  2 13:01:48 2023,428,428
0,4,Thu Nov  2 13:01:48 2023,1556,1556
0,8,Thu Nov  2 13:01:48 2023,418,418
0,5,Thu Nov  2 13:01:48 2023,1552,1552
0,11,Thu Nov  2 13:01:48 2023,1522,1522
0,11,Thu Nov  2 13:01:48 2023,1819,1819
0,10,Thu Nov  2 13:01:48 2023,1844,1844
0,4,Thu Nov  2 13:01:48 2023,1558,1558
0,8,Thu Nov  2 13:01:48 2023,430,430
0,11,Thu Nov  2 13:01:48 2023,420,420
0,5,Thu Nov  2 13:01:48 2023,1534,1534
0,11,Thu Nov  2 13:01:48 2023,1818,1818
0,10,Thu Nov  2 13:01:48 2023,1840,1840
0,4,Thu Nov  2 13:01:48 2023,1557,1557
0,8,Thu Nov  2 13:01:48 2023,426,426
0,5,Thu Nov  2 13:01:48 2023,1522,1522
0,11,Thu Nov  2 13:01:48 2023,1818,1818
0,4,Thu Nov  2 13:01:49 2023,1558,1558
0,8,Thu Nov  2 13:01:49 2023,426,426
0,5,Thu Nov  2 13:01:49 2023,1522,1522
0,1,Thu Nov  2 13:01:49 2023,1314,1314
0,11,Thu Nov  2 13:01:49 2023,1810,1810
0,8,Thu Nov  2 13:01:49 2023,435,435
0,8,Thu Nov  2 13:01:49 2023,422,422
0,5,Thu Nov  2 13:01:49 2023,1520,1520
0,11,Thu Nov  2 13:01:49 2023,1810,1810
0,8,Thu Nov  2 13:01:49 2023,428,428
0,4,Thu Nov  2 13:01:49 2023,1552,1552
0,5,Thu Nov  2 13:01:49 2023,1519,1519
0,11,Thu Nov  2 13:01:49 2023,1809,1809
0,8,Thu Nov  2 13:01:49 2023,426,426
0,5,Thu Nov  2 13:01:49 2023,1518,1518
0,11,Thu Nov  2 13:01:49 2023,1824,1824
0,11,Thu Nov  2 13:01:49 2023,1808,1808
0,8,Thu Nov  2 13:01:49 2023,429,429
0,5,Thu Nov  2 13:01:49 2023,1521,1521
0,11,Thu Nov  2 13:01:49 2023,1824,1824
0,11,Thu Nov  2 13:01:49 2023,1805,1805
0,8,Thu Nov  2 13:01:49 2023,429,429
0,5,Thu Nov  2 13:01:49 2023,1530,1530
0,3,Thu Nov  2 13:01:49 2023,1277,1277
0,11,Thu Nov  2 13:01:49 2023,1824,1824
0,8,Thu Nov  2 13:01:49 2023,428,428
0,5,Thu Nov  2 13:01:49 2023,1522,1522
0,1,Thu Nov  2 13:01:49 2023,1316,1316
0,11,Thu Nov  2 13:01:49 2023,1822,1822
0,8,Thu Nov  2 13:01:49 2023,429,429
0,5,Thu Nov  2 13:01:49 2023,1524,1524
0,11,Thu Nov  2 13:01:49 2023,1822,1822
0,8,Thu Nov  2 13:01:49 2023,428,428
0,5,Thu Nov  2 13:01:49 2023,1523,1523
0,1,Thu Nov  2 13:01:49 2023,1317,1317
0,11,Thu Nov  2 13:01:50 2023,1819,1819
0,8,Thu Nov  2 13:01:50 2023,437,437
0,8,Thu Nov  2 13:01:50 2023,425,425
0,5,Thu Nov  2 13:01:50 2023,1526,1526
0,1,Thu Nov  2 13:01:50 2023,1318,1318
0,11,Thu Nov  2 13:01:50 2023,1816,1816
0,8,Thu Nov  2 13:01:50 2023,439,439
0,8,Thu Nov  2 13:01:50 2023,426,426
0,5,Thu Nov  2 13:01:50 2023,1520,1520
0,1,Thu Nov  2 13:01:50 2023,1317,1317
0,11,Thu Nov  2 13:01:50 2023,1817,1817
0,8,Thu Nov  2 13:01:50 2023,435,435
0,8,Thu Nov  2 13:01:50 2023,426,426
0,4,Thu Nov  2 13:01:50 2023,1548,1548
0,5,Thu Nov  2 13:01:50 2023,1510,1510
0,1,Thu Nov  2 13:01:50 2023,1318,1318
0,11,Thu Nov  2 13:01:50 2023,1813,1813
0,8,Thu Nov  2 13:01:50 2023,430,430
0,5,Thu Nov  2 13:01:50 2023,1514,1514
0,1,Thu Nov  2 13:01:50 2023,1318,1318
0,11,Thu Nov  2 13:01:50 2023,1814,1814
0,8,Thu Nov  2 13:01:50 2023,431,431
0,5,Thu Nov  2 13:01:50 2023,1508,1508
0,1,Thu Nov  2 13:01:50 2023,1318,1318
0,11,Thu Nov  2 13:01:50 2023,1812,1812
0,4,Thu Nov  2 13:01:50 2023,1544,1544
0,8,Thu Nov  2 13:01:50 2023,432,432
0,5,Thu Nov  2 13:01:50 2023,1508,1508
0,1,Thu Nov  2 13:01:50 2023,1318,1318
0,3,Thu Nov  2 13:01:50 2023,1274,1274
0,11,Thu Nov  2 13:01:50 2023,1808,1808
0,8,Thu Nov  2 13:01:50 2023,444,444
0,4,Thu Nov  2 13:01:50 2023,1544,1544
0,8,Thu Nov  2 13:01:50 2023,426,426
0,5,Thu Nov  2 13:01:50 2023,1508,1508
0,1,Thu Nov  2 13:01:50 2023,1320,1320
0,11,Thu Nov  2 13:01:50 2023,1810,1810
0,8,Thu Nov  2 13:01:50 2023,443,443
0,4,Thu Nov  2 13:01:50 2023,1543,1543
0,8,Thu Nov  2 13:01:51 2023,428,428
0,5,Thu Nov  2 13:01:51 2023,1506,1506
0,1,Thu Nov  2 13:01:51 2023,1321,1321
0,3,Thu Nov  2 13:01:51 2023,1274,1274
0,11,Thu Nov  2 13:01:51 2023,1806,1806
0,8,Thu Nov  2 13:01:51 2023,443,443
0,4,Thu Nov  2 13:01:51 2023,1542,1542
0,8,Thu Nov  2 13:01:51 2023,428,428
0,5,Thu Nov  2 13:01:51 2023,1506,1506
0,1,Thu Nov  2 13:01:51 2023,1322,1322
0,3,Thu Nov  2 13:01:51 2023,1273,1273
0,11,Thu Nov  2 13:01:51 2023,1808,1808
0,4,Thu Nov  2 13:01:51 2023,1542,1542
0,8,Thu Nov  2 13:01:51 2023,428,428
0,5,Thu Nov  2 13:01:51 2023,1505,1505
0,1,Thu Nov  2 13:01:51 2023,1324,1324
0,11,Thu Nov  2 13:01:51 2023,1806,1806
0,4,Thu Nov  2 13:01:51 2023,1541,1541
0,8,Thu Nov  2 13:01:51 2023,434,434
0,5,Thu Nov  2 13:01:51 2023,1504,1504
0,1,Thu Nov  2 13:01:51 2023,1325,1325
0,3,Thu Nov  2 13:01:51 2023,1273,1273
0,11,Thu Nov  2 13:01:51 2023,1806,1806
0,4,Thu Nov  2 13:01:51 2023,1540,1540
0,8,Thu Nov  2 13:01:51 2023,434,434
0,5,Thu Nov  2 13:01:51 2023,1504,1504
0,1,Thu Nov  2 13:01:51 2023,1326,1326
0,3,Thu Nov  2 13:01:51 2023,1272,1272
0,4,Thu Nov  2 13:01:51 2023,1540,1540
0,8,Thu Nov  2 13:01:51 2023,429,429
0,5,Thu Nov  2 13:01:51 2023,1502,1502
0,1,Thu Nov  2 13:01:51 2023,1327,1327
0,3,Thu Nov  2 13:01:51 2023,1272,1272
0,8,Thu Nov  2 13:01:51 2023,433,433
0,4,Thu Nov  2 13:01:51 2023,1540,1540
0,5,Thu Nov  2 13:01:51 2023,1501,1501
0,1,Thu Nov  2 13:01:51 2023,1328,1328
0,8,Thu Nov  2 13:01:51 2023,434,434
0,5,Thu Nov  2 13:01:51 2023,1499,1499
0,1,Thu Nov  2 13:01:51 2023,1330,1330
0,3,Thu Nov  2 13:01:51 2023,1272,1272
0,8,Thu Nov  2 13:01:52 2023,434,434
0,4,Thu Nov  2 13:01:52 2023,1533,1533
0,5,Thu Nov  2 13:01:52 2023,1498,1498
0,1,Thu Nov  2 13:01:52 2023,1330,1330
0,8,Thu Nov  2 13:01:52 2023,434,434
0,5,Thu Nov  2 13:01:52 2023,1498,1498
0,1,Thu Nov  2 13:01:52 2023,1332,1332
0,11,Thu Nov  2 13:01:52 2023,1854,1854
0,5,Thu Nov  2 13:01:52 2023,1498,1498
0,1,Thu Nov  2 13:01:52 2023,1334,1334
0,11,Thu Nov  2 13:01:52 2023,1853,1853
0,5,Thu Nov  2 13:01:52 2023,1498,1498
0,1,Thu Nov  2 13:01:52 2023,1335,1335
0,5,Thu Nov  2 13:01:52 2023,1498,1498
0,1,Thu Nov  2 13:01:52 2023,1336,1336
0,11,Thu Nov  2 13:01:52 2023,1850,1850
0,5,Thu Nov  2 13:01:52 2023,1496,1496
0,1,Thu Nov  2 13:01:52 2023,1337,1337
0,3,Thu Nov  2 13:01:52 2023,1268,1268
0,5,Thu Nov  2 13:01:52 2023,1498,1498
0,1,Thu Nov  2 13:01:52 2023,1338,1338
0,4,Thu Nov  2 13:01:52 2023,1534,1534
0,5,Thu Nov  2 13:01:52 2023,1496,1496
0,1,Thu Nov  2 13:01:52 2023,1341,1341
0,4,Thu Nov  2 13:01:52 2023,1532,1532
0,5,Thu Nov  2 13:01:52 2023,1497,1497
0,4,Thu Nov  2 13:01:52 2023,1534,1534
0,1,Thu Nov  2 13:01:52 2023,1346,1346
0,11,Thu Nov  2 13:01:52 2023,1844,1844
0,11,Thu Nov  2 13:01:52 2023,1763,1763
0,5,Thu Nov  2 13:01:52 2023,1496,1496
0,4,Thu Nov  2 13:01:52 2023,1534,1534
0,1,Thu Nov  2 13:01:52 2023,1349,1349
0,11,Thu Nov  2 13:01:52 2023,1842,1842
0,11,Thu Nov  2 13:01:52 2023,1764,1764
0,11,Thu Nov  2 13:01:52 2023,442,442
0,4,Thu Nov  2 13:01:53 2023,1534,1534
0,5,Thu Nov  2 13:01:53 2023,1494,1494
0,11,Thu Nov  2 13:01:53 2023,1534,1534
0,1,Thu Nov  2 13:01:53 2023,1347,1347
0,11,Thu Nov  2 13:01:53 2023,1842,1842
0,3,Thu Nov  2 13:01:53 2023,1268,1268
0,11,Thu Nov  2 13:01:53 2023,1758,1758
0,11,Thu Nov  2 13:01:53 2023,445,445
0,4,Thu Nov  2 13:01:53 2023,1533,1533
0,1,Thu Nov  2 13:01:53 2023,1350,1350
0,8,Thu Nov  2 13:01:53 2023,1842,1842
0,11,Thu Nov  2 13:01:53 2023,446,446
0,4,Thu Nov  2 13:01:53 2023,1533,1533
0,1,Thu Nov  2 13:01:53 2023,1351,1351
0,8,Thu Nov  2 13:01:53 2023,1841,1841
0,3,Thu Nov  2 13:01:53 2023,1266,1266
0,11,Thu Nov  2 13:01:53 2023,1758,1758
0,11,Thu Nov  2 13:01:53 2023,448,448
0,11,Thu Nov  2 13:01:53 2023,436,436
0,4,Thu Nov  2 13:01:53 2023,1532,1532
0,11,Thu Nov  2 13:01:53 2023,1530,1530
0,1,Thu Nov  2 13:01:53 2023,1352,1352
0,8,Thu Nov  2 13:01:53 2023,1840,1840
0,11,Thu Nov  2 13:01:53 2023,438,438
0,4,Thu Nov  2 13:01:53 2023,1532,1532
0,1,Thu Nov  2 13:01:53 2023,1355,1355
0,8,Thu Nov  2 13:01:53 2023,1838,1838
0,11,Thu Nov  2 13:01:53 2023,1754,1754
0,11,Thu Nov  2 13:01:53 2023,438,438
0,4,Thu Nov  2 13:01:53 2023,1531,1531
0,1,Thu Nov  2 13:01:53 2023,1360,1360
0,8,Thu Nov  2 13:01:53 2023,1834,1834
0,11,Thu Nov  2 13:01:53 2023,448,448
0,11,Thu Nov  2 13:01:53 2023,439,439
0,4,Thu Nov  2 13:01:53 2023,1531,1531
0,1,Thu Nov  2 13:01:53 2023,1361,1361
0,8,Thu Nov  2 13:01:53 2023,1838,1838
0,11,Thu Nov  2 13:01:53 2023,1764,1764
0,11,Thu Nov  2 13:01:53 2023,440,440
0,4,Thu Nov  2 13:01:53 2023,1531,1531
0,1,Thu Nov  2 13:01:53 2023,1364,1364
0,8,Thu Nov  2 13:01:53 2023,1832,1832
0,3,Thu Nov  2 13:01:53 2023,1265,1265
0,11,Thu Nov  2 13:01:53 2023,440,440
0,4,Thu Nov  2 13:01:53 2023,1532,1532
0,1,Thu Nov  2 13:01:53 2023,1366,1366
0,8,Thu Nov  2 13:01:53 2023,1831,1831
0,11,Thu Nov  2 13:01:53 2023,1750,1750
0,11,Thu Nov  2 13:01:53 2023,440,440
0,4,Thu Nov  2 13:01:53 2023,1530,1530
0,1,Thu Nov  2 13:01:53 2023,1370,1370
0,8,Thu Nov  2 13:01:54 2023,1830,1830
0,11,Thu Nov  2 13:01:54 2023,1759,1759
0,11,Thu Nov  2 13:01:54 2023,441,441
0,4,Thu Nov  2 13:01:54 2023,1528,1528
0,1,Thu Nov  2 13:01:54 2023,1372,1372
0,8,Thu Nov  2 13:01:54 2023,1830,1830
0,6,Thu Nov  2 13:01:54 2023,1764,1764
0,6,Thu Nov  2 13:01:54 2023,1745,1745
0,11,Thu Nov  2 13:01:54 2023,449,449
0,11,Thu Nov  2 13:01:54 2023,436,436
0,1,Thu Nov  2 13:01:54 2023,1374,1374
0,8,Thu Nov  2 13:01:54 2023,1828,1828
0,6,Thu Nov  2 13:01:54 2023,1762,1762
0,11,Thu Nov  2 13:01:54 2023,442,442
0,4,Thu Nov  2 13:01:54 2023,1526,1526
0,5,Thu Nov  2 13:01:54 2023,1484,1484
0,1,Thu Nov  2 13:01:54 2023,1378,1378
0,8,Thu Nov  2 13:01:54 2023,1826,1826
0,6,Thu Nov  2 13:01:54 2023,1751,1751
0,11,Thu Nov  2 13:01:54 2023,442,442
0,4,Thu Nov  2 13:01:54 2023,1524,1524
0,1,Thu Nov  2 13:01:54 2023,1382,1382
0,8,Thu Nov  2 13:01:54 2023,1824,1824
0,11,Thu Nov  2 13:01:54 2023,442,442
0,4,Thu Nov  2 13:01:54 2023,1523,1523
0,1,Thu Nov  2 13:01:54 2023,1384,1384
0,8,Thu Nov  2 13:01:54 2023,1822,1822
0,11,Thu Nov  2 13:01:54 2023,442,442
0,4,Thu Nov  2 13:01:54 2023,1522,1522
0,1,Thu Nov  2 13:01:54 2023,1386,1386
0,8,Thu Nov  2 13:01:54 2023,1818,1818
0,11,Thu Nov  2 13:01:54 2023,443,443
0,4,Thu Nov  2 13:01:54 2023,1518,1518
0,6,Thu Nov  2 13:01:54 2023,1915,1915
0,1,Thu Nov  2 13:01:54 2023,1390,1390
0,8,Thu Nov  2 13:01:54 2023,1817,1817
0,11,Thu Nov  2 13:01:54 2023,452,452
0,11,Thu Nov  2 13:01:54 2023,439,439
0,6,Thu Nov  2 13:01:54 2023,1914,1914
0,1,Thu Nov  2 13:01:54 2023,1392,1392
0,8,Thu Nov  2 13:01:55 2023,1816,1816
0,11,Thu Nov  2 13:01:55 2023,456,456
0,11,Thu Nov  2 13:01:55 2023,438,438
0,4,Thu Nov  2 13:01:55 2023,1519,1519
0,6,Thu Nov  2 13:01:55 2023,1913,1913
0,1,Thu Nov  2 13:01:55 2023,1394,1394
0,8,Thu Nov  2 13:01:55 2023,1814,1814
0,11,Thu Nov  2 13:01:55 2023,442,442
0,11,Thu Nov  2 13:01:55 2023,440,440
0,4,Thu Nov  2 13:01:55 2023,1518,1518
0,6,Thu Nov  2 13:01:55 2023,1913,1913
0,1,Thu Nov  2 13:01:55 2023,1398,1398
0,8,Thu Nov  2 13:01:55 2023,1812,1812
0,11,Thu Nov  2 13:01:55 2023,442,442
0,11,Thu Nov  2 13:01:55 2023,440,440
0,6,Thu Nov  2 13:01:55 2023,1911,1911
0,4,Thu Nov  2 13:01:55 2023,1519,1519
0,1,Thu Nov  2 13:01:55 2023,1400,1400
0,8,Thu Nov  2 13:01:55 2023,1812,1812
